"queryName","community","fun","version","best_level"
"Carabidae","macrofauna_surface","guilds","queryName","family"
"Formicidae","macrofauna_surface","guilds","queryName","family"
"Gnaphosidae","macrofauna_surface","guilds","queryName","family"
"Staphylinidae","macrofauna_surface","guilds","queryName","family"
"Linyphiidae","macrofauna_surface","guilds","queryName","family"
"Nitidulidae","macrofauna_surface","guilds","queryName","family"
"Anthicidae","macrofauna_surface","guilds","queryName","family"
"Cicadellidae","macrofauna_surface","guilds","queryName","family"
"Cryptophagidae","macrofauna_surface","guilds","queryName","family"
"Chrysomelidae","macrofauna_surface","guilds","queryName","family"
"Enchytraeidae","macrofauna_surface","guilds","queryName","family"
"Elateridae","macrofauna_surface","guilds","queryName","family"
"Julidae","macrofauna_surface","guilds","queryName","family"
"Lycosidae","macrofauna_surface","guilds","queryName","family"
"Zodariidae","macrofauna_surface","guilds","queryName","family"
"Armadillidiidae","macrofauna_surface","guilds","queryName","family"
"Coccinellidae","macrofauna_surface","guilds","queryName","family"
"Salticidae","macrofauna_surface","guilds","queryName","family"
"Pyrrhocoridae","macrofauna_surface","guilds","queryName","family"
"Apionidae","macrofauna_surface","guilds","queryName","family"
"Arionidae","macrofauna_surface","guilds","queryName","family"
"Theridiidae","macrofauna_surface","guilds","queryName","family"
"Histeridae","macrofauna_surface","guilds","queryName","family"
"Thomisidae","macrofauna_surface","guilds","queryName","family"
"Dermestidae","macrofauna_surface","guilds","queryName","family"
"Pisauridae","macrofauna_surface","guilds","queryName","family"
"Porcellionidae","macrofauna_surface","guilds","queryName","family"
"Rhyparochromidae","macrofauna_surface","guilds","queryName","family"
"Corylophidae","macrofauna_surface","guilds","queryName","family"
"Araneidae","macrofauna_surface","guilds","queryName","family"
"Oligotomidae","macrofauna_surface","guilds","queryName","family"
"Scarabaeidae","macrofauna_surface","guilds","queryName","family"
"Thripidae","macrofauna_surface","guilds","queryName","family"
"Apidae","macrofauna_surface","guilds","queryName","family"
"Latridiidae","macrofauna_surface","guilds","queryName","family"
"Anisolabididae","macrofauna_surface","guilds","queryName","family"
"Curculionidae","macrofauna_surface","guilds","queryName","family"
"Nabidae","macrofauna_surface","guilds","queryName","family"
"Chloropidae","macrofauna_surface","guilds","queryName","family"
"Acrididae","macrofauna_surface","guilds","queryName","family"
"Philodromidae","macrofauna_surface","guilds","queryName","family"
"Tenebrionidae","macrofauna_surface","guilds","queryName","family"
"Aphididae","macrofauna_surface","guilds","queryName","family"
"Tingidae","macrofauna_surface","guilds","queryName","family"
"Berytidae","macrofauna_surface","guilds","queryName","family"
"Diapriidae","macrofauna_surface","guilds","queryName","family"
"Phalacridae","macrofauna_surface","guilds","queryName","family"
"Cydnidae","macrofauna_surface","guilds","queryName","family"
"Forficulidae","macrofauna_surface","guilds","queryName","family"
"Ceraphronidae","macrofauna_surface","guilds","queryName","family"
"Melyridae","macrofauna_surface","guilds","queryName","family"
"Labiduridae","macrofauna_surface","guilds","queryName","family"
"Dysderidae","macrofauna_surface","guilds","queryName","family"
"Hybotidae","macrofauna_surface","guilds","queryName","family"
"Lepismatidae","macrofauna_surface","guilds","queryName","family"
"Pompilidae","macrofauna_surface","guilds","queryName","family"
"Pteromalidae","macrofauna_surface","guilds","queryName","family"
"Cimbicidae","macrofauna_aerial","guilds","queryName","family"
"Chrysomelidae","macrofauna_aerial","guilds","queryName","family"
"Acrididae","macrofauna_aerial","guilds","queryName","family"
"Tenthredinidae","macrofauna_aerial","guilds","queryName","family"
"Elateridae","macrofauna_aerial","guilds","queryName","family"
"Syrphidae","macrofauna_aerial","guilds","queryName","family"
"Braconidae","macrofauna_aerial","guilds","queryName","family"
"Carabidae","macrofauna_aerial","guilds","queryName","family"
"Figitidae","macrofauna_aerial","guilds","queryName","family"
"Vespidae","macrofauna_aerial","guilds","queryName","family"
"Andrenidae","macrofauna_aerial","guilds","queryName","family"
"Oedemeridae","macrofauna_aerial","guilds","queryName","family"
"Buprestidae","macrofauna_aerial","guilds","queryName","family"
"Dermestidae","macrofauna_aerial","guilds","queryName","family"
"Ceraphronidae","macrofauna_aerial","guilds","queryName","family"
"Aphelinidae","macrofauna_aerial","guilds","queryName","family"
"Aphididae","macrofauna_aerial","guilds","queryName","family"
"Apionidae","macrofauna_aerial","guilds","queryName","family"
"Apidae","macrofauna_aerial","guilds","queryName","family"
"Araneidae","macrofauna_aerial","guilds","queryName","family"
"Coreidae","macrofauna_aerial","guilds","queryName","family"
"Pteromalidae","macrofauna_aerial","guilds","queryName","family"
"Cryptophagidae","macrofauna_aerial","guilds","queryName","family"
"Curculionidae","macrofauna_aerial","guilds","queryName","family"
"Pompilidae","macrofauna_aerial","guilds","queryName","family"
"Diapriidae","macrofauna_aerial","guilds","queryName","family"
"Bethylidae","macrofauna_aerial","guilds","queryName","family"
"Cephidae","macrofauna_aerial","guilds","queryName","family"
"Hesperiidae","macrofauna_aerial","guilds","queryName","family"
"Pentatomidae","macrofauna_aerial","guilds","queryName","family"
"Nitidulidae","macrofauna_aerial","guilds","queryName","family"
"Chrysididae","macrofauna_aerial","guilds","queryName","family"
"Cicadellidae","macrofauna_aerial","guilds","queryName","family"
"Miridae","macrofauna_aerial","guilds","queryName","family"
"Coccinellidae","macrofauna_aerial","guilds","queryName","family"
"Colletidae","macrofauna_aerial","guilds","queryName","family"
"Megaspilidae","macrofauna_aerial","guilds","queryName","family"
"Reduviidae","macrofauna_aerial","guilds","queryName","family"
"Melyridae","macrofauna_aerial","guilds","queryName","family"
"Eulophidae","macrofauna_aerial","guilds","queryName","family"
"Ichneumonidae","macrofauna_aerial","guilds","queryName","family"
"Encyrtidae","macrofauna_aerial","guilds","queryName","family"
"Salticidae","macrofauna_aerial","guilds","queryName","family"
"Eupelmidae","macrofauna_aerial","guilds","queryName","family"
"Eurytomidae","macrofauna_aerial","guilds","queryName","family"
"Gracillariidae","macrofauna_aerial","guilds","queryName","family"
"Halictidae","macrofauna_aerial","guilds","queryName","family"
"Noctuidae","macrofauna_aerial","guilds","queryName","family"
"Histeridae","macrofauna_aerial","guilds","queryName","family"
"Linyphiidae","macrofauna_aerial","guilds","queryName","family"
"Lygaeidae","macrofauna_aerial","guilds","queryName","family"
"Megachilidae","macrofauna_aerial","guilds","queryName","family"
"Latridiidae","macrofauna_aerial","guilds","queryName","family"
"Mordellidae","macrofauna_aerial","guilds","queryName","family"
"Mymaridae","macrofauna_aerial","guilds","queryName","family"
"Titanoecidae","macrofauna_aerial","guilds","queryName","family"
"Cydnidae","macrofauna_aerial","guilds","queryName","family"
"Phalacridae","macrofauna_aerial","guilds","queryName","family"
"Anthocoridae","macrofauna_aerial","guilds","queryName","family"
"Crabronidae","macrofauna_aerial","guilds","queryName","family"
"Oxyopidae","macrofauna_aerial","guilds","queryName","family"
"Scarabaeidae","macrofauna_aerial","guilds","queryName","family"
"Philodromidae","macrofauna_aerial","guilds","queryName","family"
"Ptiliidae","macrofauna_aerial","guilds","queryName","family"
"Thomisidae","macrofauna_aerial","guilds","queryName","family"
"Scelionidae","macrofauna_aerial","guilds","queryName","family"
"Staphylinidae","macrofauna_aerial","guilds","queryName","family"
"Lasiocampidae","macrofauna_aerial","guilds","queryName","family"
"Tetracampidae","macrofauna_aerial","guilds","queryName","family"
"Tettigoniidae","macrofauna_aerial","guilds","queryName","family"
"Tingidae","macrofauna_aerial","guilds","queryName","family"
"Torymidae","macrofauna_aerial","guilds","queryName","family"
"Delphacidae","macrofauna_aerial","guilds","queryName","family"
"Corylophidae","macrofauna_aerial","guilds","queryName","family"
"Rhyparochromidae","macrofauna_aerial","guilds","queryName","family"
"Choreutidae","macrofauna_aerial","guilds","queryName","family"
"Anthicidae","macrofauna_aerial","guilds","queryName","family"
"Geometridae","macrofauna_aerial","guilds","queryName","family"
"Chalcididae","macrofauna_aerial","guilds","queryName","family"
"Pieridae","macrofauna_aerial","guilds","queryName","family"
"Platygastridae","macrofauna_aerial","guilds","queryName","family"
"Thripidae","macrofauna_foliar","guilds","queryName","family"
"Tenebrionidae","macrofauna_foliar","guilds","queryName","family"
"Aphididae","macrofauna_foliar","guilds","queryName","family"
"Chrysomelidae","macrofauna_foliar","guilds","queryName","family"
"Melyridae","macrofauna_foliar","guilds","queryName","family"
"Scraptiidae","macrofauna_foliar","guilds","queryName","family"
"Ectopsocidae","macrofauna_foliar","guilds","queryName","family"
"Formicidae","macrofauna_foliar","guilds","queryName","family"
"Chloropidae","macrofauna_foliar","guilds","queryName","family"
"Cicadellidae","macrofauna_foliar","guilds","queryName","family"
"Thomisidae","macrofauna_foliar","guilds","queryName","family"
"Miridae","macrofauna_foliar","guilds","queryName","family"
"Pentatomidae","macrofauna_foliar","guilds","queryName","family"
"Mycetophagidae","macrofauna_foliar","guilds","queryName","family"
"Philodromidae","macrofauna_foliar","guilds","queryName","family"
"Theridiidae","macrofauna_foliar","guilds","queryName","family"
"Psocidae","macrofauna_foliar","guilds","queryName","family"
"Platystomatidae","macrofauna_foliar","guilds","queryName","family"
"Apidae","macrofauna_foliar","guilds","queryName","family"
"Mordellidae","macrofauna_foliar","guilds","queryName","family"
"Araneidae","macrofauna_foliar","guilds","queryName","family"
"Eulophidae","macrofauna_foliar","guilds","queryName","family"
"Bibionidae","macrofauna_foliar","guilds","queryName","family"
"Chironomidae","macrofauna_foliar","guilds","queryName","family"
"Pteromalidae","macrofauna_foliar","guilds","queryName","family"
"Geometridae","macrofauna_foliar","guilds","queryName","family"
"Cheiracanthiidae","macrofauna_foliar","guilds","queryName","family"
"Lauxaniidae","macrofauna_foliar","guilds","queryName","family"
"Braconidae","macrofauna_foliar","guilds","queryName","family"
"Staphylinidae","macrofauna_foliar","guilds","queryName","family"
"Gracillariidae","macrofauna_foliar","guilds","queryName","family"
"Forficulidae","macrofauna_foliar","guilds","queryName","family"
"Salticidae","macrofauna_foliar","guilds","queryName","family"
"Scelionidae","macrofauna_foliar","guilds","queryName","family"
"Ceraphronidae","macrofauna_foliar","guilds","queryName","family"
"Cecidomyiidae","macrofauna_foliar","guilds","queryName","family"
"Tettigoniidae","macrofauna_foliar","guilds","queryName","family"
"Tenthredinidae","macrofauna_foliar","guilds","queryName","family"
"Clubionidae","macrofauna_foliar","guilds","queryName","family"
"Carabidae","macrofauna_foliar","guilds","queryName","family"
"Coccinellidae","macrofauna_foliar","guilds","queryName","family"
"Latridiidae","macrofauna_foliar","guilds","queryName","family"
"Corylophidae","macrofauna_foliar","guilds","queryName","family"
"Brentidae","macrofauna_foliar","guilds","queryName","family"
"Hybotidae","macrofauna_foliar","guilds","queryName","family"
"Acaridae","macrofauna_foliar","guilds","queryName","family"
"Enchytraeidae","micro_arthropodes","guilds","queryName","family"
"Gnaphosidae","micro_arthropodes","guilds","queryName","family"
"Linyphiidae","micro_arthropodes","guilds","queryName","family"
"Theridiidae","micro_arthropodes","guilds","queryName","family"
"Thomisidae","micro_arthropodes","guilds","queryName","family"
"Zodariidae","micro_arthropodes","guilds","queryName","family"
"Anthicidae","micro_arthropodes","guilds","queryName","family"
"Carabidae","micro_arthropodes","guilds","queryName","family"
"Staphylinidae","micro_arthropodes","guilds","queryName","family"
"Braconidae","micro_arthropodes","guilds","queryName","family"
"Formicidae","micro_arthropodes","guilds","queryName","family"
"Onychiuridae","micro_arthropodes","guilds","queryName","family"
"Entomobryidae","micro_arthropodes","guilds","queryName","family"
"Brachystomellidae","micro_arthropodes","guilds","queryName","family"
"Katiannidae","micro_arthropodes","guilds","queryName","family"
"Sminthuridae","micro_arthropodes","guilds","queryName","family"
"Isotomidae","micro_arthropodes","guilds","queryName","family"
"Neelidae","micro_arthropodes","guilds","queryName","family"
"Hypogastruridae","micro_arthropodes","guilds","queryName","family"
"Neanuridae","micro_arthropodes","guilds","queryName","family"
"Tullbergiidae","micro_arthropodes","guilds","queryName","family"
"Cephalobidae","nematodes","guilds","queryName","family"
"Aporcelaimidae","nematodes","guilds","queryName","family"
"Seinuridae","nematodes","guilds","queryName","family"
"Monhysteridae","nematodes","guilds","queryName","family"
"Plectidae","nematodes","guilds","queryName","family"
"Panagrolaimidae","nematodes","guilds","queryName","family"
"Rhabditidae","nematodes","guilds","queryName","family"
"Rhabdolaimidae","nematodes","guilds","queryName","family"
"Prismatolaimidae","nematodes","guilds","queryName","family"
"Aphelenchidae","nematodes","guilds","queryName","family"
"Diphtherophoridae","nematodes","guilds","queryName","family"
"Mononchidae","nematodes","guilds","queryName","family"
"Qudsianematidae","nematodes","guilds","queryName","family"
"Nygolaimidae","nematodes","guilds","queryName","family"
"Belondiridae","nematodes","guilds","queryName","family"
"Pratylenchidae","nematodes","guilds","queryName","family"
"Dorylaimidae","nematodes","guilds","queryName","family"
"Hoplolaimidae","nematodes","guilds","queryName","family"
"Trichodoridae","nematodes","guilds","queryName","family"
"Tylenchidae","nematodes","guilds","queryName","family"
"Mylonchulidae","nematodes","guilds","queryName","family"
"Sphingomonadaceae","bacteria","guilds","queryName","family"
"Hymenobacteraceae","bacteria","guilds","queryName","family"
"Micrococcaceae","bacteria","guilds","queryName","family"
"Kineosporiaceae","bacteria","guilds","queryName","family"
"Bacillaceae","bacteria","guilds","queryName","family"
"Beijerinckiaceae","bacteria","guilds","queryName","family"
"Xanthobacteraceae","bacteria","guilds","queryName","family"
"Pyrinomonadaceae","bacteria","guilds","queryName","family"
"Gemmatimonadaceae","bacteria","guilds","queryName","family"
"Azospirillaceae","bacteria","guilds","queryName","family"
"Bryobacteraceae","bacteria","guilds","queryName","family"
"Chthoniobacteraceae","bacteria","guilds","queryName","family"
"Cellvibrionaceae","bacteria","guilds","queryName","family"
"Caulobacteraceae","bacteria","guilds","queryName","family"
"Xanthomonadaceae","bacteria","guilds","queryName","family"
"Blastocatellaceae","bacteria","guilds","queryName","family"
"Rhizobiaceae","bacteria","guilds","queryName","family"
"Mycobacteriaceae","bacteria","guilds","queryName","family"
"Comamonadaceae","bacteria","guilds","queryName","family"
"Micromonosporaceae","bacteria","guilds","queryName","family"
"Chitinophagaceae","bacteria","guilds","queryName","family"
"Oxalobacteraceae","bacteria","guilds","queryName","family"
"Nitrospiraceae","bacteria","guilds","queryName","family"
"Gaiellaceae","bacteria","guilds","queryName","family"
"Streptomycetaceae","bacteria","guilds","queryName","family"
"Steroidobacteraceae","bacteria","guilds","queryName","family"
"Vicinamibacteraceae","bacteria","guilds","queryName","family"
"Myxococcaceae","bacteria","guilds","queryName","family"
"Pseudomonadaceae","bacteria","guilds","queryName","family"
"Geodermatophilaceae","bacteria","guilds","queryName","family"
"Cellulomonadaceae","bacteria","guilds","queryName","family"
"Microscillaceae","bacteria","guilds","queryName","family"
"Nitrosomonadaceae","bacteria","guilds","queryName","family"
"Roseiflexaceae","bacteria","guilds","queryName","family"
"Opitutaceae","bacteria","guilds","queryName","family"
"Pseudonocardiaceae","bacteria","guilds","queryName","family"
"Dermabacteraceae","bacteria","guilds","queryName","family"
"Flavobacteriaceae","bacteria","guilds","queryName","family"
"Cytophagaceae","bacteria","guilds","queryName","family"
"Nocardioidaceae","bacteria","guilds","queryName","family"
"Burkholderiaceae","bacteria","guilds","queryName","family"
"Microbacteriaceae","bacteria","guilds","queryName","family"
"Longimicrobiaceae","bacteria","guilds","queryName","family"
"Erwiniaceae","bacteria","guilds","queryName","family"
"Sphingobacteriaceae","bacteria","guilds","queryName","family"
"Devosiaceae","bacteria","guilds","queryName","family"
"Alcaligenaceae","bacteria","guilds","queryName","family"
"Thermoanaerobaculaceae","bacteria","guilds","queryName","family"
"Saprospiraceae","bacteria","guilds","queryName","family"
"Rubritaleaceae","bacteria","guilds","queryName","family"
"Alicyclobacillaceae","bacteria","guilds","queryName","family"
"Methylophilaceae","bacteria","guilds","queryName","family"
"Frankiaceae","bacteria","guilds","queryName","family"
"Polyangiaceae","bacteria","guilds","queryName","family"
"Paenibacillaceae","bacteria","guilds","queryName","family"
"Thermomonosporaceae","bacteria","guilds","queryName","family"
"Nocardiaceae","bacteria","guilds","queryName","family"
"Rhodanobacteraceae","bacteria","guilds","queryName","family"
"Herpetosiphonaceae","bacteria","guilds","queryName","family"
"Yersiniaceae","bacteria","guilds","queryName","family"
"Rhodocyclaceae","bacteria","guilds","queryName","family"
"Intrasporangiaceae","bacteria","guilds","queryName","family"
"Micropepsaceae","bacteria","guilds","queryName","family"
"Acetobacteraceae","bacteria","guilds","queryName","family"
"Solirubrobacteraceae","bacteria","guilds","queryName","family"
"Acidothermaceae","bacteria","guilds","queryName","family"
"Fibrobacteraceae","bacteria","guilds","queryName","family"
"Catenulisporaceae","bacteria","guilds","queryName","family"
"Hyphomicrobiaceae","bacteria","guilds","queryName","family"
"Reyranellaceae","bacteria","guilds","queryName","family"
"Ilumatobacteraceae","bacteria","guilds","queryName","family"
"Sutterellaceae","bacteria","guilds","queryName","family"
"Phaselicystidaceae","bacteria","guilds","queryName","family"
"Spongiibacteraceae","bacteria","guilds","queryName","family"
"Caldilineaceae","bacteria","guilds","queryName","family"
"Streptosporangiaceae","bacteria","guilds","queryName","family"
"Enterobacteriaceae","bacteria","guilds","queryName","family"
"Cyclobacteriaceae","bacteria","guilds","queryName","family"
"Lactobacillaceae","bacteria","guilds","queryName","family"
"Aeromonadaceae","bacteria","guilds","queryName","family"
"Promicromonosporaceae","bacteria","guilds","queryName","family"
"Planococcaceae","bacteria","guilds","queryName","family"
"Weeksellaceae","bacteria","guilds","queryName","family"
"Halomonadaceae","bacteria","guilds","queryName","family"
"Nakamurellaceae","bacteria","guilds","queryName","family"
"Nostocaceae","bacteria","guilds","queryName","family"
"Crocinitomicaceae","bacteria","guilds","queryName","family"
"Legionellaceae","bacteria","guilds","queryName","family"
"Iamiaceae","bacteria","guilds","queryName","family"
"Nannocystaceae","bacteria","guilds","queryName","family"
"Peptostreptococcaceae","bacteria","guilds","queryName","family"
"Propionibacteriaceae","bacteria","guilds","queryName","family"
"Halieaceae","bacteria","guilds","queryName","family"
"Morganellaceae","bacteria","guilds","queryName","family"
"Neisseriaceae","bacteria","guilds","queryName","family"
"Semifissispora","fungi","guilds","queryName","genus"
"Tylospora","fungi","guilds","queryName","genus"
"Neodendryphiella","fungi","guilds","queryName","genus"
"Alternaria","fungi","guilds","queryName","genus"
"Acremonium","fungi","guilds","queryName","genus"
"Dichotomophthora","fungi","guilds","queryName","genus"
"Colletotrichum","fungi","guilds","queryName","genus"
"Darksidea","fungi","guilds","queryName","genus"
"Humicola","fungi","guilds","queryName","genus"
"Coprinellus","fungi","guilds","queryName","genus"
"Didymella","fungi","guilds","queryName","genus"
"Ascobolus","fungi","guilds","queryName","genus"
"Laetisaria","fungi","guilds","queryName","genus"
"Paraphoma","fungi","guilds","queryName","genus"
"Vishniacozyma","fungi","guilds","queryName","genus"
"Lectera","fungi","guilds","queryName","genus"
"Setophoma","fungi","guilds","queryName","genus"
"Macrophomina","fungi","guilds","queryName","genus"
"Rhizopus","fungi","guilds","queryName","genus"
"Gibellulopsis","fungi","guilds","queryName","genus"
"Preussia","fungi","guilds","queryName","genus"
"Coniosporium","fungi","guilds","queryName","genus"
"Chordomyces","fungi","guilds","queryName","genus"
"Psathyrella","fungi","guilds","queryName","genus"
"Conocybe","fungi","guilds","queryName","genus"
"Fusarium","fungi","guilds","queryName","genus"
"Stagonosporopsis","fungi","guilds","queryName","genus"
"Aureobasidium","fungi","guilds","queryName","genus"
"Acrocalymma","fungi","guilds","queryName","genus"
"Stemphylium","fungi","guilds","queryName","genus"
"Nectriopsis","fungi","guilds","queryName","genus"
"Agrocybe","fungi","guilds","queryName","genus"
"Verrucaria","fungi","guilds","queryName","genus"
"Pseudopithomyces","fungi","guilds","queryName","genus"
"Bipolaris","fungi","guilds","queryName","genus"
"Trichoderma","fungi","guilds","queryName","genus"
"Clohesyomyces","fungi","guilds","queryName","genus"
"Talaromyces","fungi","guilds","queryName","genus"
"Robillarda","fungi","guilds","queryName","genus"
"Paraphaeosphaeria","fungi","guilds","queryName","genus"
"Polyschema","fungi","guilds","queryName","genus"
"Helicoma","fungi","guilds","queryName","genus"
"Aspergillus","fungi","guilds","queryName","genus"
"Waitea","fungi","guilds","queryName","genus"
"Iodophanus","fungi","guilds","queryName","genus"
"Penicillium","fungi","guilds","queryName","genus"
"Pestalotiopsis","fungi","guilds","queryName","genus"
"Spegazzinia","fungi","guilds","queryName","genus"
"Botryotinia","fungi","guilds","queryName","genus"
"Bartalinia","fungi","guilds","queryName","genus"
"Fusariella","fungi","guilds","queryName","genus"
"Boubovia","fungi","guilds","queryName","genus"
"Neosetophoma","fungi","guilds","queryName","genus"
"Pseudogymnoascus","fungi","guilds","queryName","genus"
"Boeremia","fungi","guilds","queryName","genus"
"Herpotrichia","fungi","guilds","queryName","genus"
"Spizellomyces","fungi","guilds","queryName","genus"
"Candida","fungi","guilds","queryName","genus"
"Podospora","fungi","guilds","queryName","genus"
"Albifimbria","fungi","guilds","queryName","genus"
"Beauveria","fungi","guilds","queryName","genus"
"Metacordyceps","fungi","guilds","queryName","genus"
"Platystomum","fungi","guilds","queryName","genus"
"Hymenoscyphus","fungi","guilds","queryName","genus"
"Stagonospora","fungi","guilds","queryName","genus"
"Hannaella","fungi","guilds","queryName","genus"
"Chloridium","fungi","guilds","queryName","genus"
"Drechslera","fungi","guilds","queryName","genus"
"Conlarium","fungi","guilds","queryName","genus"
"Stachylidium","fungi","guilds","queryName","genus"
"Coniophora","fungi","guilds","queryName","genus"
"Saitozyma","fungi","guilds","queryName","genus"
"Phialocephala","fungi","guilds","queryName","genus"
"Geastrum","fungi","guilds","queryName","genus"
"Cladophialophora","fungi","guilds","queryName","genus"
"Bullera","fungi","guilds","queryName","genus"
"Metarhizium","fungi","guilds","queryName","genus"
"Mucor","fungi","guilds","queryName","genus"
"Paraconiothyrium","fungi","guilds","queryName","genus"
"Exophiala","fungi","guilds","queryName","genus"
"Scytalidium","fungi","guilds","queryName","genus"
"Devriesia","fungi","guilds","queryName","genus"
"Dominikia","fungi","guilds","queryName","genus"
"Coniocessia","fungi","guilds","queryName","genus"
"Pluteus","fungi","guilds","queryName","genus"
"Annulohypoxylon","fungi","guilds","queryName","genus"
"Roussoella","fungi","guilds","queryName","genus"
"Phaeosphaeria","fungi","guilds","queryName","genus"
"Dioszegia","fungi","guilds","queryName","genus"
"Pyrenochaetopsis","fungi","guilds","queryName","genus"
"Setophaeosphaeria","fungi","guilds","queryName","genus"
"Cistella","fungi","guilds","queryName","genus"
"Heteroconium","fungi","guilds","queryName","genus"
"Monosporascus","fungi","guilds","queryName","genus"
"Myriodontium","fungi","guilds","queryName","genus"
"Apseudocercosporella","fungi","guilds","queryName","genus"
"Chlamydocillium","fungi","guilds","queryName","genus"
"Verticillium","fungi","guilds","queryName","genus"
"Schizothecium","fungi","guilds","queryName","genus"
"Athelia","fungi","guilds","queryName","genus"
"Pseudosclerococcum","fungi","guilds","queryName","genus"
"Cystobasidium","fungi","guilds","queryName","genus"
"Chalara","fungi","guilds","queryName","genus"
"Ascochyta","fungi","guilds","queryName","genus"
"Leohumicola","fungi","guilds","queryName","genus"
"Gymnopus","fungi","guilds","queryName","genus"
"Serendipita","fungi","guilds","queryName","genus"
"Ramularia","fungi","guilds","queryName","genus"
"Glomus","fungi","guilds","queryName","genus"
"Entoloma","fungi","guilds","queryName","genus"
"Cyathicula","fungi","guilds","queryName","genus"
"Neofitzroyomyces","fungi","guilds","queryName","genus"
"Poaceascoma","fungi","guilds","queryName","genus"
"Septoriella","fungi","guilds","queryName","genus"
"Rhizophagus","fungi","guilds","queryName","genus"
"Daldinia","fungi","guilds","queryName","genus"
"Cornuvesica","fungi","guilds","queryName","genus"
"Pyrenochaeta","fungi","guilds","queryName","genus"
"Sclerostagonospora","fungi","guilds","queryName","genus"
"Dissoconium","fungi","guilds","queryName","genus"
"Plenodomus","fungi","guilds","queryName","genus"
"Diaporthe","fungi","guilds","queryName","genus"
"Chaetosphaeronema","fungi","guilds","queryName","genus"
"Pseudocoleophoma","fungi","guilds","queryName","genus"
"Wojnowiciella","fungi","guilds","queryName","genus"
"Chrysosporium","fungi","guilds","queryName","genus"
"Neoscolecobasidium","fungi","guilds","queryName","genus"
"Acericola","fungi","guilds","queryName","genus"
"Veronaeopsis","fungi","guilds","queryName","genus"
"Pleospora","fungi","guilds","queryName","genus"
"Phialemonium","fungi","guilds","queryName","genus"
"Cephalotrichum","fungi","guilds","queryName","genus"
"Gamsia","fungi","guilds","queryName","genus"
"Keissleriella","fungi","guilds","queryName","genus"
"Discosia","fungi","guilds","queryName","genus"
"Sporormiella","fungi","guilds","queryName","genus"
"Neodevriesia","fungi","guilds","queryName","genus"
"Symmetrospora","fungi","guilds","queryName","genus"
"Papiliotrema","fungi","guilds","queryName","genus"
"Pseudolophiostoma","fungi","guilds","queryName","genus"
"Crocicreas","fungi","guilds","queryName","genus"
"Diversispora","fungi","guilds","queryName","genus"
"Absidia","fungi","guilds","queryName","genus"
"Blastobotrys","fungi","guilds","queryName","genus"
"Capronia","fungi","guilds","queryName","genus"
"Phoma","fungi","guilds","queryName","genus"
"Tubaria","fungi","guilds","queryName","genus"
"Mycena","fungi","guilds","queryName","genus"
"Clarireedia","fungi","guilds","queryName","genus"
"Ophiosphaerella","fungi","guilds","queryName","genus"
"Neocladosporium","fungi","guilds","queryName","genus"
"Paraophiobolus","fungi","guilds","queryName","genus"
"Murispora","fungi","guilds","queryName","genus"
"Hyphoderma","fungi","guilds","queryName","genus"
"Sympodiella","fungi","guilds","queryName","genus"
"Tremella","fungi","guilds","queryName","genus"
"Cryptococcus","fungi","guilds","queryName","genus"
"Physcia","fungi","guilds","queryName","genus"
"Agaricus","fungi","guilds","queryName","genus"
"Pyrenophora","fungi","guilds","queryName","genus"
"Acrostalagmus","fungi","guilds","queryName","genus"
"Leptodontidium","fungi","guilds","queryName","genus"
"Peziza","fungi","guilds","queryName","genus"
"Dictyosporium","fungi","guilds","queryName","genus"
"Vermispora","fungi","guilds","queryName","genus"
"Tetracladium","fungi","guilds","queryName","genus"
"Tricharina","fungi","guilds","queryName","genus"
"Leptosphaeria","fungi","guilds","queryName","genus"
"Fibulochlamys","fungi","guilds","queryName","genus"
"Leucoagaricus","fungi","guilds","queryName","genus"
"Cordana","fungi","guilds","queryName","genus"
"Curvularia","fungi","guilds","queryName","genus"
"Epicoccum","fungi","guilds","queryName","genus"
"Minutisphaera","fungi","guilds","queryName","genus"
"Leucocoprinus","fungi","guilds","queryName","genus"
"Leucothecium","fungi","guilds","queryName","genus"
"Pseudaleuria","fungi","guilds","queryName","genus"
"Halosarpheia","fungi","guilds","queryName","genus"
"Kendrickiella","fungi","guilds","queryName","genus"
"Myrmecridium","fungi","guilds","queryName","genus"
"Arthrinium","fungi","guilds","queryName","genus"
"Lipomyces","fungi","guilds","queryName","genus"
"Neomyrmecridium","fungi","guilds","queryName","genus"
"Lamprospora","fungi","guilds","queryName","genus"
"Disciotis","fungi","guilds","queryName","genus"
"Helicodendron","fungi","guilds","queryName","genus"
"Hormonema","fungi","guilds","queryName","genus"
"Cyphellophora","fungi","guilds","queryName","genus"
"Microdochium","fungi","guilds","queryName","genus"
"Gaeumannomyces","fungi","guilds","queryName","genus"
"Coprinopsis","fungi","guilds","queryName","genus"
"Chaetomella","fungi","guilds","queryName","genus"
"Bovista","fungi","guilds","queryName","genus"
"Polymyxa","protists","guilds","queryName","genus"
"Rhogostoma","protists","guilds","queryName","genus"
"Kraken","protists","guilds","queryName","genus"
"Heteromita","protists","guilds","queryName","genus"
"Cercomonas","protists","guilds","queryName","genus"
"Proleptomonas","protists","guilds","queryName","genus"
"Trinema","protists","guilds","queryName","genus"
"Eocercomonas","protists","guilds","queryName","genus"
"Spongomonas","protists","guilds","queryName","genus"
"Paracercomonas","protists","guilds","queryName","genus"
"Euglypha","protists","guilds","queryName","genus"
"Nudifila","protists","guilds","queryName","genus"
"Paulinella","protists","guilds","queryName","genus"
"Metabolomonas","protists","guilds","queryName","genus"
"Allantion","protists","guilds","queryName","genus"
"Tracheleuglypha","protists","guilds","queryName","genus"
"Cavernomonas","protists","guilds","queryName","genus"
"Bodomorpha","protists","guilds","queryName","genus"
"Sphenoderia","protists","guilds","queryName","genus"
"Thaumatomastix","protists","guilds","queryName","genus"
"Viridiraptor","protists","guilds","queryName","genus"
"Sorosphaerula","protists","guilds","queryName","genus"
"Spongospora","protists","guilds","queryName","genus"
"Orciraptor","protists","guilds","queryName","genus"
"Vampyrella","protists","guilds","queryName","genus"
"Protaspis","protists","guilds","queryName","genus"
"Thaumatomonas","protists","guilds","queryName","genus"
